kabupaten_kota,Garis_Kemiskinan,Indeks_Pembangunan_Manusia,Persen_Penduduk_Miskin,Tingkat Pengangguran Terbuka,Upah Minimum,Jumlah Penduduk (Ribu),Laju Pertumbuhan Penduduk per Tahun,Persentase Penduduk,Kepadatan Penduduk per km persegi (Km2),Rasio Jenis Kelamin Penduduk,tahun,kuartal,PDRB,Proksi Inflasi,Laju_Inflasi,Gini_Ratio,investasi_per_kapita,Jumlah Perusahaan Kecil
BANGKALAN,458754,66.11,19.44,8.05,1956773.48,1081.75,1.25,2.62,954.5,97.4,2022,1.0,4144.62,Kota Surabaya,3.16,0.306,331.4673913043478,38
BANGKALAN,458754,66.11,19.44,8.05,1956773.48,1081.75,1.25,2.62,954.5,97.4,2022,2.0,4184.8,Kota Surabaya,4.89,0.306,986.4043478046434,37
BANGKALAN,458754,66.11,19.44,8.05,1956773.48,1081.75,1.25,2.62,954.5,97.4,2022,3.0,4481.15,Kota Surabaya,6.91,0.306,1527.247618974893,39
BANGKALAN,458754,66.11,19.44,8.05,1956773.48,1081.75,1.25,2.62,954.5,97.4,2022,4.0,4149.34,Kota Surabaya,6.59,0.306,1103.9615383766184,44
BANGKALAN,503207,66.82,19.35,6.18,2240701.0,1091.8,1.07,2.63,839.0,97.6,2023,1.0,4304.99,Kota Surabaya,6.3,0.299,2403.399999917124,46
BANGKALAN,503207,66.82,19.35,6.18,2240701.0,1091.8,1.07,2.63,839.0,97.6,2023,2.0,4218.59,Kota Surabaya,4.91,0.299,4848.563635922857,54
BANGKALAN,503207,66.82,19.35,6.18,2240701.0,1091.8,1.07,2.63,839.0,97.6,2023,3.0,4409.1,Kota Surabaya,3.14,0.299,4644.069230411994,30
BANGKALAN,503207,66.82,19.35,6.18,2240701.0,1091.8,1.07,2.63,839.0,97.6,2023,4.0,4231.51,Kota Surabaya,3.03,0.299,3610.462499548692,30
BANGKALAN,547017,67.33,18.66,5.35,2397550.0,1102.5,1.04,2.64,847.0,97.7,2024,1.0,4323.94,Kota Surabaya,2.99,0.301,472.3351351223694,31
BANGKALAN,547017,67.33,18.66,5.35,2397550.0,1102.5,1.04,2.64,847.0,97.7,2024,2.0,4425.81,Kota Surabaya,2.35,0.301,10303.381481099874,31
BANGKALAN,547017,67.33,18.66,5.35,2397550.0,1102.5,1.04,2.64,847.0,97.7,2024,3.0,4508.12,Kota Surabaya,1.65,0.301,1562.5311110763882,34
BANGKALAN,547017,67.33,18.66,5.35,2397550.0,1102.5,1.04,2.64,847.0,97.7,2024,4.0,4239.63,Kota Surabaya,"1,38",0.301,417.6522387997365,37
BANYUWANGI,414879,73.15,7.51,5.26,2328899.12,1731.2,0.79,4.2,391.0,100.15,2022,1.0,13487.81,Kabupaten Banyuwangi,2.19,0.329,2938.171559633028,163
BANYUWANGI,414879,73.15,7.51,5.26,2328899.12,1731.2,0.79,4.2,391.0,100.15,2022,2.0,14542.09,Kabupaten Banyuwangi,4.42,0.329,1287.6558766834537,166
BANYUWANGI,414879,73.15,7.51,5.26,2328899.12,1731.2,0.79,4.2,391.0,100.15,2022,3.0,14617.92,Kabupaten Banyuwangi,5.46,0.329,4527.135238052122,175
BANYUWANGI,414879,73.15,7.51,5.26,2328899.12,1731.2,0.79,4.2,391.0,100.15,2022,4.0,15284.73,Kabupaten Banyuwangi,6.06,0.329,3591.2456730596577,189
BANYUWANGI,448928,73.79,7.34,4.75,2638628.0,1743.9,0.76,4.2,485.0,100.1,2023,1.0,14311.95,Kabupaten Banyuwangi,5.71,0.351,968.991740410121,200
BANYUWANGI,448928,73.79,7.34,4.75,2638628.0,1743.9,0.76,4.2,485.0,100.1,2023,2.0,15382.49,Kabupaten Banyuwangi,3.97,0.351,204.8516335225818,249
BANYUWANGI,448928,73.79,7.34,4.75,2638628.0,1743.9,0.76,4.2,485.0,100.1,2023,3.0,15536.79,Kabupaten Banyuwangi,3.1,0.351,2903.1676595682907,139
BANYUWANGI,448928,73.79,7.34,4.75,2638628.0,1743.9,0.76,4.2,485.0,100.1,2023,4.0,15617.12,Kabupaten Banyuwangi,2.15,0.351,2259.293935306928,145
BANYUWANGI,470713,74.3,6.54,4.03,2810139.0,1754.4,0.72,4.2,488.0,100.0,2024,1.0,14990.88,Kabupaten Banyuwangi,2.67,0.312,327.2558399994764,145
BANYUWANGI,470713,74.3,6.54,4.03,2810139.0,1754.4,0.72,4.2,488.0,100.0,2024,2.0,16136.94,Kabupaten Banyuwangi,2.38,0.312,113.84791051071598,145
BANYUWANGI,470713,74.3,6.54,4.03,2810139.0,1754.4,0.72,4.2,488.0,100.0,2024,3.0,16317.59,Kabupaten Banyuwangi,2.07,0.312,1715.9388636344136,151
BANYUWANGI,470713,74.3,6.54,4.03,2810139.0,1754.4,0.72,4.2,488.0,100.0,2024,4.0,16248.16,Kabupaten Banyuwangi,"1,73",0.312,1619.6897163101423,371
BLITAR,355511,72.25,8.71,5.45,2015071.18,1242.3,0.83,3.01,819.5,101.35,2022,1.0,6591.92,Kota Kediri,2.33,0.335,66.7378733572282,29
BLITAR,355511,72.25,8.71,5.45,2015071.18,1242.3,0.83,3.01,819.5,101.35,2022,2.0,7025.3,Kota Kediri,4.03,0.335,447.7999999827769,29
BLITAR,355511,72.25,8.71,5.45,2015071.18,1242.3,0.83,3.01,819.5,101.35,2022,3.0,6699.92,Kota Kediri,6.29,0.335,90.71187904957807,55
BLITAR,355511,72.25,8.71,5.45,2015071.18,1242.3,0.83,3.01,819.5,101.35,2022,4.0,6720.19,Kota Kediri,5.76,0.335,495.34429347691486,58
BLITAR,387733,72.84,8.69,4.91,2256050.0,1253.6,0.88,3.02,718.0,101.2,2023,1.0,6905.4,Kota Kediri,5.36,0.36,1166.2882352712493,40
BLITAR,387733,72.84,8.69,4.91,2256050.0,1253.6,0.88,3.02,718.0,101.2,2023,2.0,7313.55,Kota Kediri,3.92,0.36,217.93319148905255,54
BLITAR,387733,72.84,8.69,4.91,2256050.0,1253.6,0.88,3.02,718.0,101.2,2023,3.0,7109.3,Kota Kediri,2.55,0.36,72.94549618309475,46
BLITAR,387733,72.84,8.69,4.91,2256050.0,1253.6,0.88,3.02,718.0,101.2,2023,4.0,6911.6,Kota Kediri,2.64,0.36,23.852181208013672,22
BLITAR,408399,73.44,8.16,4.77,2413974.0,1263.7,0.86,3.02,724.0,101.1,2024,1.0,7056.4,Kota Kediri,2.88,0.353,44.2407407406147,48
BLITAR,408399,73.44,8.16,4.77,2413974.0,1263.7,0.86,3.02,724.0,101.1,2024,2.0,7699.31,Kota Kediri,1.72,0.353,191.6846381090226,48
BLITAR,408399,73.44,8.16,4.77,2413974.0,1263.7,0.86,3.02,724.0,101.1,2024,3.0,7472.31,Kota Kediri,0.88,0.353,690.4261133589263,52
BLITAR,408399,73.44,8.16,4.77,2413974.0,1263.7,0.86,3.02,724.0,101.1,2024,4.0,7265.78,Kota Kediri,"1,19",0.353,304.444848483926,107
BOJONEGORO,403403,71.15,12.21,4.69,2079568.07,1313.6,0.55,3.19,583.0,100.75,2022,1.0,15712.1,Kota Surabaya,3.16,0.28,203.038219895288,104
BOJONEGORO,403403,71.15,12.21,4.69,2079568.07,1313.6,0.55,3.19,583.0,100.75,2022,2.0,15316.65,Kota Surabaya,4.89,0.28,25.899217221084346,109
BOJONEGORO,403403,71.15,12.21,4.69,2079568.07,1313.6,0.55,3.19,583.0,100.75,2022,3.0,15122.55,Kota Surabaya,6.91,0.28,423.7432727265023,122
BOJONEGORO,403403,71.15,12.21,4.69,2079568.07,1313.6,0.55,3.19,583.0,100.75,2022,4.0,15631.56,Kota Surabaya,6.59,0.28,271.60983050755385,128
BOJONEGORO,435936,71.8,12.18,4.63,2371016.0,1319.6,0.5,3.18,571.0,100.7,2023,1.0,16133.63,Kota Surabaya,6.3,0.283,400.04678571285694,138
BOJONEGORO,435936,71.8,12.18,4.63,2371016.0,1319.6,0.5,3.18,571.0,100.7,2023,2.0,16269.2,Kota Surabaya,4.91,0.283,158.11034482719677,158
BOJONEGORO,435936,71.8,12.18,4.63,2371016.0,1319.6,0.5,3.18,571.0,100.7,2023,3.0,15821.75,Kota Surabaya,3.14,0.283,174.6777358488918,89
BOJONEGORO,435936,71.8,12.18,4.63,2371016.0,1319.6,0.5,3.18,571.0,100.7,2023,4.0,15086.12,Kota Surabaya,3.03,0.283,43.785131195207626,93
BOJONEGORO,471457,72.75,11.69,4.42,2525132.0,1325.3,0.48,3.17,573.0,100.6,2024,1.0,15533.79,Kota Surabaya,2.99,0.31,51.455573505612726,96
BOJONEGORO,471457,72.75,11.69,4.42,2525132.0,1325.3,0.48,3.17,573.0,100.6,2024,2.0,16544.16,Kota Surabaya,2.35,0.31,72.50052113487405,96
BOJONEGORO,471457,72.75,11.69,4.42,2525132.0,1325.3,0.48,3.17,573.0,100.6,2024,3.0,16058.48,Kota Surabaya,1.65,0.31,45.85274914085409,104
BOJONEGORO,471457,72.75,11.69,4.42,2525132.0,1325.3,0.48,3.17,573.0,100.6,2024,4.0,16230.99,Kota Surabaya,"1,38",0.31,18.182910030125623,249
BONDOWOSO,449760,69.91,13.47,4.32,1958640.12,783.35,0.48,1.9,508.5,97.1,2022,1.0,3407.69,Kabupaten Jember,2.87,0.365,39021.0,33
BONDOWOSO,449760,69.91,13.47,4.32,1958640.12,783.35,0.48,1.9,508.5,97.1,2022,2.0,3819.63,Kabupaten Jember,5.53,0.365,8934.547825698499,33
BONDOWOSO,449760,69.91,13.47,4.32,1958640.12,783.35,0.48,1.9,508.5,97.1,2022,3.0,3639.68,Kabupaten Jember,7.3,0.365,5930.787499629325,35
BONDOWOSO,449760,69.91,13.47,4.32,1958640.12,783.35,0.48,1.9,508.5,97.1,2022,4.0,3543.2,Kabupaten Jember,7.39,0.365,1964.3190475255085,36
BONDOWOSO,494000,70.56,13.34,4.15,2183590.0,788.2,0.56,1.9,507.0,97.2,2023,1.0,3542.89,Kabupaten Jember,6.48,0.35,255.6388059663337,38
BONDOWOSO,494000,70.56,13.34,4.15,2183590.0,788.2,0.56,1.9,507.0,97.2,2023,2.0,3972.53,Kabupaten Jember,4.31,0.35,230.9089834509908,47
BONDOWOSO,494000,70.56,13.34,4.15,2183590.0,788.2,0.56,1.9,507.0,97.2,2023,3.0,3806.79,Kabupaten Jember,3.05,0.35,1531.5833992034327,31
BONDOWOSO,494000,70.56,13.34,4.15,2183590.0,788.2,0.56,1.9,507.0,97.2,2023,4.0,3753.41,Kabupaten Jember,2.29,0.35,10736.191110872527,31
BONDOWOSO,517741,71.22,12.6,3.63,2347359.0,792.3,0.55,1.89,510.0,97.3,2024,1.0,3713.04,Kabupaten Jember,2.53,0.333,2844.205128186896,31
BONDOWOSO,517741,71.22,12.6,3.63,2347359.0,792.3,0.55,1.89,510.0,97.3,2024,2.0,4165.03,Kabupaten Jember,1.99,0.333,744.3010852701639,31
BONDOWOSO,517741,71.22,12.6,3.63,2347359.0,792.3,0.55,1.89,510.0,97.3,2024,3.0,4010.07,Kabupaten Jember,1.56,0.333,494.752941175258,37
BONDOWOSO,517741,71.22,12.6,3.63,2347359.0,792.3,0.55,1.89,510.0,97.3,2024,4.0,3921.13,Kabupaten Jember,"1,74",0.333,1797.474117625912,68
GRESIK,536544,77.62,11.06,7.84,4372030.51,1335.5,1.02,3.24,1092.0,101.4,2022,1.0,26825.51,Kota Surabaya,3.16,0.363,911.8325102149582,341
GRESIK,536544,77.62,11.06,7.84,4372030.51,1335.5,1.02,3.24,1092.0,101.4,2022,2.0,27189.86,Kota Surabaya,4.89,0.363,884.9393204451218,351
GRESIK,536544,77.62,11.06,7.84,4372030.51,1335.5,1.02,3.24,1092.0,101.4,2022,3.0,27480.14,Kota Surabaya,6.91,0.363,1515.7131948340789,368
GRESIK,536544,77.62,11.06,7.84,4372030.51,1335.5,1.02,3.24,1092.0,101.4,2022,4.0,27301.37,Kota Surabaya,6.59,0.363,1831.6274499827343,402
GRESIK,588316,78.44,10.96,6.82,4642031.0,1350.4,1.08,3.25,1075.0,101.4,2023,1.0,27814.28,Kota Surabaya,6.3,0.33,1671.2253865179853,432
GRESIK,588316,78.44,10.96,6.82,4642031.0,1350.4,1.08,3.25,1075.0,101.4,2023,2.0,28657.1,Kota Surabaya,4.91,0.33,1501.6502669810627,500
GRESIK,588316,78.44,10.96,6.82,4642031.0,1350.4,1.08,3.25,1075.0,101.4,2023,3.0,28557.48,Kota Surabaya,3.14,0.33,1387.3831171325658,272
GRESIK,588316,78.44,10.96,6.82,4642031.0,1350.4,1.08,3.25,1075.0,101.4,2023,4.0,28796.56,Kota Surabaya,3.03,0.33,1035.3771845903275,274
GRESIK,608828,78.93,10.32,6.45,4874133.0,1364.0,1.06,3.26,1086.0,101.4,2024,1.0,29253.93,Kota Surabaya,2.99,0.322,1781.0775504014275,281
GRESIK,608828,78.93,10.32,6.45,4874133.0,1364.0,1.06,3.26,1086.0,101.4,2024,2.0,29819.85,Kota Surabaya,2.35,0.322,1231.4888307393978,281
GRESIK,608828,78.93,10.32,6.45,4874133.0,1364.0,1.06,3.26,1086.0,101.4,2024,3.0,30220.45,Kota Surabaya,1.65,0.322,1399.4889753217008,302
GRESIK,608828,78.93,10.32,6.45,4874133.0,1364.0,1.06,3.26,1086.0,101.4,2024,4.0,29980.19,Kota Surabaya,"1,38",0.322,1890.3408026750585,878
JEMBER,400961,69.8,9.39,4.06,2355662.91,2568.6,0.71,6.24,803.0,99.35,2022,1.0,13360.61,Kabupaten Jember,2.87,0.301,339.15773420479303,213
JEMBER,400961,69.8,9.39,4.06,2355662.91,2568.6,0.71,6.24,803.0,99.35,2022,2.0,14516.92,Kabupaten Jember,5.53,0.301,69.45739348365124,221
JEMBER,400961,69.8,9.39,4.06,2355662.91,2568.6,0.71,6.24,803.0,99.35,2022,3.0,15288.05,Kabupaten Jember,7.3,0.301,3159.8484471853426,226
JEMBER,400961,69.8,9.39,4.06,2355662.91,2568.6,0.71,6.24,803.0,99.35,2022,4.0,14001.56,Kabupaten Jember,7.39,0.301,833.0956521724642,237
JEMBER,441171,70.42,9.51,4.01,2665392.0,2586.8,0.71,6.23,781.0,99.3,2023,1.0,14045.56,Kabupaten Jember,6.48,0.344,830.7655290074035,252
JEMBER,441171,70.42,9.51,4.01,2665392.0,2586.8,0.71,6.23,781.0,99.3,2023,2.0,15185.96,Kabupaten Jember,4.31,0.344,273.1745374446932,283
JEMBER,441171,70.42,9.51,4.01,2665392.0,2586.8,0.71,6.23,781.0,99.3,2023,3.0,16031.21,Kabupaten Jember,3.05,0.344,50.06076233182253,157
JEMBER,441171,70.42,9.51,4.01,2665392.0,2586.8,0.71,6.23,781.0,99.3,2023,4.0,14721.27,Kabupaten Jember,2.29,0.344,55.67289204096253,158
JEMBER,459043,70.93,9.01,3.23,2838642.0,2603.8,0.7,6.23,786.0,99.3,2024,1.0,14645.47,Kabupaten Jember,2.53,0.321,247.2214095033384,161
JEMBER,459043,70.93,9.01,3.23,2838642.0,2603.8,0.7,6.23,786.0,99.3,2024,2.0,16035.33,Kabupaten Jember,1.99,0.321,296.6534364259469,161
JEMBER,459043,70.93,9.01,3.23,2838642.0,2603.8,0.7,6.23,786.0,99.3,2024,3.0,16802.63,Kabupaten Jember,1.56,0.321,54.18442186742762,174
JEMBER,459043,70.93,9.01,3.23,2838642.0,2603.8,0.7,6.23,786.0,99.3,2024,4.0,15413.74,Kabupaten Jember,"1,74",0.321,46.04199346404545,420
JOMBANG,448830,74.66,9.04,5.47,2654095.88,1338.6,0.85,3.25,1203.5,101.65,2022,1.0,7267.7,Kota Surabaya,3.16,0.31,445.4301919720768,97
JOMBANG,448830,74.66,9.04,5.47,2654095.88,1338.6,0.85,3.25,1203.5,101.65,2022,2.0,7479.8,Kota Surabaya,4.89,0.31,170.9916546242157,99
JOMBANG,448830,74.66,9.04,5.47,2654095.88,1338.6,0.85,3.25,1203.5,101.65,2022,3.0,7973.62,Kota Surabaya,6.91,0.31,316.83862660921545,102
JOMBANG,448830,74.66,9.04,5.47,2654095.88,1338.6,0.85,3.25,1203.5,101.65,2022,4.0,7365.05,Kota Surabaya,6.59,0.31,438.823391812224,116
JOMBANG,488754,75.16,9.15,4.66,2945544.0,1351.3,0.91,3.25,1218.0,101.6,2023,1.0,7651.23,Kota Surabaya,6.3,0.339,148.82747380657878,120
JOMBANG,488754,75.16,9.15,4.66,2945544.0,1351.3,0.91,3.25,1218.0,101.6,2023,2.0,7960.62,Kota Surabaya,4.91,0.339,202.355056179667,145
JOMBANG,488754,75.16,9.15,4.66,2945544.0,1351.3,0.91,3.25,1218.0,101.6,2023,3.0,8292.69,Kota Surabaya,3.14,0.339,600.1953114530475,81
JOMBANG,488754,75.16,9.15,4.66,2945544.0,1351.3,0.91,3.25,1218.0,101.6,2023,4.0,7698.23,Kota Surabaya,3.03,0.339,104.39271924980451,82
JOMBANG,514170,75.67,8.6,3.75,3137004.0,1362.7,0.89,3.26,1228.0,101.6,2024,1.0,7895.34,Kota Surabaya,2.99,0.302,106.2319757364764,81
JOMBANG,514170,75.67,8.6,3.75,3137004.0,1362.7,0.89,3.26,1228.0,101.6,2024,2.0,8414.28,Kota Surabaya,2.35,0.302,197.62288645199945,81
JOMBANG,514170,75.67,8.6,3.75,3137004.0,1362.7,0.89,3.26,1228.0,101.6,2024,3.0,8780.83,Kota Surabaya,1.65,0.302,229.07700693744843,90
JOMBANG,514170,75.67,8.6,3.75,3137004.0,1362.7,0.89,3.26,1228.0,101.6,2024,4.0,8140.03,Kota Surabaya,"1,38",0.302,118.63021227097452,227
KEDIRI,353033,74.2,10.65,6.83,2043422.93,1660.8,0.83,4.03,1143.5,101.95,2022,1.0,7228.16,Kota Kediri,2.33,0.329,2180.7481188118813,73
KEDIRI,353033,74.2,10.65,6.83,2043422.93,1660.8,0.83,4.03,1143.5,101.95,2022,2.0,7633.04,Kota Kediri,4.03,0.329,6959.772340277452,74
KEDIRI,353033,74.2,10.65,6.83,2043422.93,1660.8,0.83,4.03,1143.5,101.95,2022,3.0,8117.89,Kota Kediri,6.29,0.329,2512.2906249842986,75
KEDIRI,353033,74.2,10.65,6.83,2043422.93,1660.8,0.83,4.03,1143.5,101.95,2022,4.0,7821.61,Kota Kediri,5.76,0.329,1178.6959139759597,82
KEDIRI,385874,74.68,10.72,5.79,2340668.0,1677.2,0.92,4.04,1101.0,101.9,2023,1.0,7614.68,Kota Kediri,5.36,0.306,7708.695714175589,197
KEDIRI,385874,74.68,10.72,5.79,2340668.0,1677.2,0.92,4.04,1101.0,101.9,2023,2.0,7978.4,Kota Kediri,3.92,0.306,136.6006387507902,120
KEDIRI,385874,74.68,10.72,5.79,2340668.0,1677.2,0.92,4.04,1101.0,101.9,2023,3.0,8528.33,Kota Kediri,2.55,0.306,1732.5402506939656,70
KEDIRI,385874,74.68,10.72,5.79,2340668.0,1677.2,0.92,4.04,1101.0,101.9,2023,4.0,8074.09,Kota Kediri,2.64,0.306,798.9542901703604,72
KEDIRI,403621,75.18,9.95,5.1,2492811.0,1689.9,0.88,4.04,1109.0,101.9,2024,1.0,7959.47,Kota Kediri,2.88,0.3,247.5850340132686,117
KEDIRI,403621,75.18,9.95,5.1,2492811.0,1689.9,0.88,4.04,1109.0,101.9,2024,2.0,8383.72,Kota Kediri,1.72,0.3,1647.895381772384,117
KEDIRI,403621,75.18,9.95,5.1,2492811.0,1689.9,0.88,4.04,1109.0,101.9,2024,3.0,8918.42,Kota Kediri,0.88,0.3,466.5799610891916,129
KEDIRI,403621,75.18,9.95,5.1,2492811.0,1689.9,0.88,4.04,1109.0,101.9,2024,4.0,8526.02,Kota Kediri,"1,19",0.3,1046.4273458416988,301
LAMONGAN,446601,74.83,12.53,6.05,2488724.77,1362.75,0.93,3.31,771.0,100.1,2022,1.0,7461.61,Kota Surabaya,3.16,0.273,4248.502409638554,156
LAMONGAN,446601,74.83,12.53,6.05,2488724.77,1362.75,0.93,3.31,771.0,100.1,2022,2.0,7530.26,Kota Surabaya,4.89,0.273,689.4869565210578,164
LAMONGAN,446601,74.83,12.53,6.05,2488724.77,1362.75,0.93,3.31,771.0,100.1,2022,3.0,7572.81,Kota Surabaya,6.91,0.273,1371.2571428541746,174
LAMONGAN,446601,74.83,12.53,6.05,2488724.77,1362.75,0.93,3.31,771.0,100.1,2022,4.0,6882.77,Kota Surabaya,6.59,0.273,530.803206995537,186
LAMONGAN,481969,75.29,12.42,5.46,2828323.0,1369.5,0.68,3.3,781.0,100.1,2023,1.0,7759.23,Kota Surabaya,6.3,0.295,334.66249999947047,197
LAMONGAN,481969,75.29,12.42,5.46,2828323.0,1369.5,0.68,3.3,781.0,100.1,2023,2.0,7912.67,Kota Surabaya,4.91,0.295,67.24706873313097,229
LAMONGAN,481969,75.29,12.42,5.46,2828323.0,1369.5,0.68,3.3,781.0,100.1,2023,3.0,7818.37,Kota Surabaya,3.14,0.295,415.4834726089708,142
LAMONGAN,481969,75.29,12.42,5.46,2828323.0,1369.5,0.68,3.3,781.0,100.1,2023,4.0,7218.91,Kota Surabaya,3.03,0.295,616.617438690418,143
LAMONGAN,524636,75.9,12.16,4.34,3012164.0,1378.2,0.67,3.3,786.0,100.0,2024,1.0,7914.39,Kota Surabaya,2.99,0.281,140.6826107010421,144
LAMONGAN,524636,75.9,12.16,4.34,3012164.0,1378.2,0.67,3.3,786.0,100.0,2024,2.0,8514.54,Kota Surabaya,2.35,0.281,110.11374947277308,144
LAMONGAN,524636,75.9,12.16,4.34,3012164.0,1378.2,0.67,3.3,786.0,100.0,2024,3.0,8193.0,Kota Surabaya,1.65,0.281,175.79248585569732,148
LAMONGAN,524636,75.9,12.16,4.34,3012164.0,1378.2,0.67,3.3,786.0,100.0,2024,4.0,7564.02,Kota Surabaya,"1,38",0.281,636.5062913904943,297
LUMAJANG,352776,68.48,9.06,4.97,2000607.2,1133.1,0.79,2.75,631.5,97.8,2022,1.0,5589.13,Kabupaten Jember,2.87,0.349,20.63870967741936,29
LUMAJANG,352776,68.48,9.06,4.97,2000607.2,1133.1,0.79,2.75,631.5,97.8,2022,2.0,6075.55,Kabupaten Jember,5.53,0.349,82.1626421223161,33
LUMAJANG,352776,68.48,9.06,4.97,2000607.2,1133.1,0.79,2.75,631.5,97.8,2022,3.0,6114.61,Kabupaten Jember,7.3,0.349,67.38932490853551,35
LUMAJANG,352776,68.48,9.06,4.97,2000607.2,1133.1,0.79,2.75,631.5,97.8,2022,4.0,5847.29,Kabupaten Jember,7.39,0.349,77.86630340015739,38
LUMAJANG,386995,69.37,8.93,3.67,2281469.0,1139.1,0.64,2.74,634.0,97.8,2023,1.0,5884.74,Kabupaten Jember,6.48,0.391,48.547502216960005,40
LUMAJANG,386995,69.37,8.93,3.67,2281469.0,1139.1,0.64,2.74,634.0,97.8,2023,2.0,6420.41,Kabupaten Jember,4.31,0.391,313.48257016201853,53
LUMAJANG,386995,69.37,8.93,3.67,2281469.0,1139.1,0.64,2.74,634.0,97.8,2023,3.0,6392.38,Kabupaten Jember,3.05,0.391,133.79444973037306,27
LUMAJANG,386995,69.37,8.93,3.67,2281469.0,1139.1,0.64,2.74,634.0,97.8,2023,4.0,6110.82,Kabupaten Jember,2.29,0.391,252.45952848698187,28
LUMAJANG,405136,70.31,8.65,3.28,2429764.0,1145.9,0.63,2.74,638.0,97.8,2024,1.0,6094.54,Kabupaten Jember,2.53,0.363,772.642120679102,30
LUMAJANG,405136,70.31,8.65,3.28,2429764.0,1145.9,0.63,2.74,638.0,97.8,2024,2.0,6671.31,Kabupaten Jember,1.99,0.363,102.21213735932372,30
LUMAJANG,405136,70.31,8.65,3.28,2429764.0,1145.9,0.63,2.74,638.0,97.8,2024,3.0,6717.55,Kabupaten Jember,1.56,0.363,79.76674008801787,33
LUMAJANG,405136,70.31,8.65,3.28,2429764.0,1145.9,0.63,2.74,638.0,97.8,2024,4.0,6446.52,Kabupaten Jember,"1,74",0.363,339.32718893957093,84
MADIUN,405127,73.51,10.79,5.84,1958410.31,752.3,0.77,1.83,700.5,98.1,2022,1.0,3323.97,Kota Madiun,2.38,0.354,624.4035714285715,110
MADIUN,405127,73.51,10.79,5.84,1958410.31,752.3,0.77,1.83,700.5,98.1,2022,2.0,3352.15,Kota Madiun,4.76,0.354,2418.1153845223803,37
MADIUN,405127,73.51,10.79,5.84,1958410.31,752.3,0.77,1.83,700.5,98.1,2022,3.0,3871.27,Kota Madiun,6.14,0.354,200.5730407521415,38
MADIUN,405127,73.51,10.79,5.84,1958410.31,752.3,0.77,1.83,700.5,98.1,2022,4.0,3622.24,Kota Madiun,5.8,0.354,632.668367340483,130
MADIUN,437296,74.02,11.04,5.14,2243291.0,754.5,0.49,1.82,678.0,98.0,2023,1.0,3496.83,Kota Madiun,5.15,0.342,550.1781523092695,135
MADIUN,437296,74.02,11.04,5.14,2243291.0,754.5,0.49,1.82,678.0,98.0,2023,2.0,3622.42,Kota Madiun,3.25,0.342,47.24365690803942,51
MADIUN,437296,74.02,11.04,5.14,2243291.0,754.5,0.49,1.82,678.0,98.0,2023,3.0,3981.44,Kota Madiun,2.16,0.342,526.6332082541714,88
MADIUN,437296,74.02,11.04,5.14,2243291.0,754.5,0.49,1.82,678.0,98.0,2023,4.0,3795.12,Kota Madiun,2.35,0.342,359.0960159355397,32
MADIUN,460205,74.81,10.63,4.34,2400321.0,757.8,0.48,1.81,681.0,97.9,2024,1.0,3654.95,Kota Madiun,3.05,0.309,53.43619518219474,92
MADIUN,460205,74.81,10.63,4.34,2400321.0,757.8,0.48,1.81,681.0,97.9,2024,2.0,3812.1,Kota Madiun,1.85,0.309,204.4460661963634,92
MADIUN,460205,74.81,10.63,4.34,2400321.0,757.8,0.48,1.81,681.0,97.9,2024,3.0,4185.51,Kota Madiun,1.22,0.309,70.99211045362891,93
MADIUN,460205,74.81,10.63,4.34,2400321.0,757.8,0.48,1.81,681.0,97.9,2024,4.0,3940.64,Kota Madiun,"1,31",0.309,27.57925944457654,190
MAGETAN,396696,75.76,9.84,4.33,1957329.43,677.9,0.62,1.65,972.0,96.8,2022,1.0,3415.37,Kota Madiun,2.38,0.352,1973.453488372093,18
MAGETAN,396696,75.76,9.84,4.33,1957329.43,677.9,0.62,1.65,972.0,96.8,2022,2.0,3419.49,Kota Madiun,4.76,0.352,12.517647058774442,19
MAGETAN,396696,75.76,9.84,4.33,1957329.43,677.9,0.62,1.65,972.0,96.8,2022,3.0,3627.47,Kota Madiun,6.14,0.352,2702.6749996621656,21
MAGETAN,396696,75.76,9.84,4.33,1957329.43,677.9,0.62,1.65,972.0,96.8,2022,4.0,3476.81,Kota Madiun,5.8,0.352,34.150438596341445,24
MAGETAN,431203,76.3,9.8,4.16,2238808.0,681.7,0.59,1.64,965.0,96.8,2023,1.0,3509.15,Kota Madiun,5.15,0.373,1579.475700919818,26
MAGETAN,431203,76.3,9.8,4.16,2238808.0,681.7,0.59,1.64,965.0,96.8,2023,2.0,3619.52,Kota Madiun,3.25,0.373,13.290996398543468,29
MAGETAN,431203,76.3,9.8,4.16,2238808.0,681.7,0.59,1.64,965.0,96.8,2023,3.0,3749.73,Kota Madiun,2.16,0.373,94.70702541091973,19
MAGETAN,431203,76.3,9.8,4.16,2238808.0,681.7,0.59,1.64,965.0,96.8,2023,4.0,3684.29,Kota Madiun,2.35,0.373,754.599999969816,19
MAGETAN,455119,76.77,9.32,3.28,2406719.0,685.5,0.58,1.64,970.0,96.8,2024,1.0,3678.83,Kota Madiun,3.05,0.371,16.609442724432494,19
MAGETAN,455119,76.77,9.32,3.28,2406719.0,685.5,0.58,1.64,970.0,96.8,2024,2.0,3803.06,Kota Madiun,1.85,0.371,664.958064505404,19
MAGETAN,455119,76.77,9.32,3.28,2406719.0,685.5,0.58,1.64,970.0,96.8,2024,3.0,3932.79,Kota Madiun,1.22,0.371,192.6693333320489,21
MAGETAN,455119,76.77,9.32,3.28,2406719.0,685.5,0.58,1.64,970.0,96.8,2024,4.0,3845.18,Kota Madiun,"1,31",0.371,41.21499999982827,73
MALANG,367579,72.23,9.55,6.57,3068275.36,2691.95,0.76,6.54,769.0,101.4,2022,1.0,17416.29,Kota Malang,2.98,0.368,689.0861556064074,390
MALANG,367579,72.23,9.55,6.57,3068275.36,2691.95,0.76,6.54,769.0,101.4,2022,2.0,17888.26,Kota Malang,5.3,0.368,4183.536298924941,409
MALANG,367579,72.23,9.55,6.57,3068275.36,2691.95,0.76,6.54,769.0,101.4,2022,3.0,18421.05,Kota Malang,7.08,0.368,625.5456360075829,192
MALANG,367579,72.23,9.55,6.57,3068275.36,2691.95,0.76,6.54,769.0,101.4,2022,4.0,18410.87,Kota Malang,6.45,0.368,498.1790697669382,205
MALANG,399647,73.0,9.45,5.7,3368275.0,2715.6,0.83,6.54,782.0,101.2,2023,1.0,18392.47,Kota Malang,5.74,0.378,377.895159515813,507
MALANG,399647,73.0,9.45,5.7,3368275.0,2715.6,0.83,6.54,782.0,101.2,2023,2.0,18789.06,Kota Malang,3.85,0.378,70.2312159899466,292
MALANG,399647,73.0,9.45,5.7,3368275.0,2715.6,0.83,6.54,782.0,101.2,2023,3.0,19212.26,Kota Malang,2.27,0.378,131.0504711361279,307
MALANG,399647,73.0,9.45,5.7,3368275.0,2715.6,0.83,6.54,782.0,101.2,2023,4.0,19350.51,Kota Malang,2.56,0.378,297.6808809746024,148
MALANG,420334,73.53,8.98,5.13,3553530.0,2736.0,0.81,6.54,788.0,101.1,2024,1.0,19366.79,Kota Malang,2.9,0.343,501.1454506980528,320
MALANG,420334,73.53,8.98,5.13,3553530.0,2736.0,0.81,6.54,788.0,101.1,2024,2.0,19801.48,Kota Malang,2.02,0.343,335.0625816992095,320
MALANG,420334,73.53,8.98,5.13,3553530.0,2736.0,0.81,6.54,788.0,101.1,2024,3.0,20133.31,Kota Malang,1.62,0.343,414.5558993180836,167
MALANG,420334,73.53,8.98,5.13,3553530.0,2736.0,0.81,6.54,788.0,101.1,2024,4.0,20199.32,Kota Malang,"1,36",0.343,358.8063281823551,459
MOJOKERTO,445608,75.61,9.71,4.83,4354787.17,1135.5,0.8,2.75,1365.5,101.15,2022,1.0,15302.96,Kota Surabaya,3.16,0.327,433.2619429590018,182
MOJOKERTO,445608,75.61,9.71,4.83,4354787.17,1135.5,0.8,2.75,1365.5,101.15,2022,2.0,15950.83,Kota Surabaya,4.89,0.327,1376.7481111095815,192
MOJOKERTO,445608,75.61,9.71,4.83,4354787.17,1135.5,0.8,2.75,1365.5,101.15,2022,3.0,16608.41,Kota Surabaya,6.91,0.327,4238.795266259649,77
MOJOKERTO,445608,75.61,9.71,4.83,4354787.17,1135.5,0.8,2.75,1365.5,101.15,2022,4.0,15837.63,Kota Surabaya,6.59,0.327,431.45234972654015,209
MOJOKERTO,486520,76.23,9.8,4.67,4624787.0,1145.5,0.85,2.76,1163.0,101.1,2023,1.0,16257.93,Kota Surabaya,6.3,0.338,414.36398852204,214
MOJOKERTO,486520,76.23,9.8,4.67,4624787.0,1145.5,0.85,2.76,1163.0,101.1,2023,2.0,16775.73,Kota Surabaya,4.91,0.338,472.75116836400673,55
MOJOKERTO,486520,76.23,9.8,4.67,4624787.0,1145.5,0.85,2.76,1163.0,101.1,2023,3.0,17175.05,Kota Surabaya,3.14,0.338,371.1621174893072,30
MOJOKERTO,486520,76.23,9.8,4.67,4624787.0,1145.5,0.85,2.76,1163.0,101.1,2023,4.0,16773.96,Kota Surabaya,3.03,0.338,362.5964893031472,29
MOJOKERTO,508618,76.69,9.37,3.87,4856026.0,1154.3,0.83,2.76,1172.0,101.1,2024,1.0,17098.15,Kota Surabaya,2.99,0.337,233.36846741038363,130
MOJOKERTO,508618,76.69,9.37,3.87,4856026.0,1154.3,0.83,2.76,1172.0,101.1,2024,2.0,17704.9,Kota Surabaya,2.35,0.337,260.7098486667641,130
MOJOKERTO,508618,76.69,9.37,3.87,4856026.0,1154.3,0.83,2.76,1172.0,101.1,2024,3.0,18092.81,Kota Surabaya,1.65,0.337,448.1982970295255,33
MOJOKERTO,508618,76.69,9.37,3.87,4856026.0,1154.3,0.83,2.76,1172.0,101.1,2024,4.0,17631.78,Kota Surabaya,"1,38",0.337,182.54677754674304,80
NGANJUK,474429,73.95,10.7,4.74,1970006.41,1117.2,0.69,2.71,889.0,101.15,2022,1.0,4865.39,Kota Kediri,2.33,0.301,307.79425837320576,57
NGANJUK,474429,73.95,10.7,4.74,1970006.41,1117.2,0.69,2.71,889.0,101.15,2022,2.0,4898.04,Kota Kediri,4.03,0.301,182.1055907171075,58
NGANJUK,474429,73.95,10.7,4.74,1970006.41,1117.2,0.69,2.71,889.0,101.15,2022,3.0,5044.96,Kota Kediri,6.29,0.301,34.08089591563362,63
NGANJUK,474429,73.95,10.7,4.74,1970006.41,1117.2,0.69,2.71,889.0,101.15,2022,4.0,4734.79,Kota Kediri,5.76,0.301,101.55348836973133,69
NGANJUK,513565,74.7,10.89,4.68,2258455.0,1124.7,0.68,2.71,872.0,101.1,2023,1.0,5175.68,Kota Kediri,5.36,0.324,231.88521897767905,74
NGANJUK,513565,74.7,10.89,4.68,2258455.0,1124.7,0.68,2.71,872.0,101.1,2023,2.0,5172.23,Kota Kediri,3.92,0.324,169.63687315609198,83
NGANJUK,513565,74.7,10.89,4.68,2258455.0,1124.7,0.68,2.71,872.0,101.1,2023,3.0,5357.81,Kota Kediri,2.55,0.324,460.3771698104521,48
NGANJUK,513565,74.7,10.89,4.68,2258455.0,1124.7,0.68,2.71,872.0,101.1,2023,4.0,4892.85,Kota Kediri,2.64,0.324,138.87618090438303,49
NGANJUK,539714,75.24,10.17,3.87,2405255.0,1131.8,0.67,2.71,878.0,101.0,2024,1.0,5369.35,Kota Kediri,2.88,0.289,473.32548512228544,51
NGANJUK,539714,75.24,10.17,3.87,2405255.0,1131.8,0.67,2.71,878.0,101.0,2024,2.0,5480.19,Kota Kediri,1.72,0.289,99.42591596635314,51
NGANJUK,539714,75.24,10.17,3.87,2405255.0,1131.8,0.67,2.71,878.0,101.0,2024,3.0,5609.38,Kota Kediri,0.88,0.289,26.227724008737702,58
NGANJUK,539714,75.24,10.17,3.87,2405255.0,1131.8,0.67,2.71,878.0,101.0,2024,4.0,5155.99,Kota Kediri,"1,19",0.289,67.95998830066277,136
NGAWI,382301,72.62,14.15,2.48,1962585.99,877.0,0.47,2.13,652.5,98.45,2022,1.0,3480.4,Kota Madiun,2.38,0.3,661.2274096385543,36
NGAWI,382301,72.62,14.15,2.48,1962585.99,877.0,0.47,2.13,652.5,98.45,2022,2.0,3285.44,Kota Madiun,4.76,0.3,72.26120943949249,36
NGAWI,382301,72.62,14.15,2.48,1962585.99,877.0,0.47,2.13,652.5,98.45,2022,3.0,3713.94,Kota Madiun,6.14,0.3,626.2399999937376,36
NGAWI,382301,72.62,14.15,2.48,1962585.99,877.0,0.47,2.13,652.5,98.45,2022,4.0,3784.66,Kota Madiun,5.8,0.3,210.8471358425355,40
NGAWI,413947,73.28,14.4,2.41,2241054.0,880.7,0.44,2.12,631.0,98.3,2023,1.0,3571.8,Kota Madiun,5.15,0.328,3.654204308546333,42
NGAWI,413947,73.28,14.4,2.41,2241054.0,880.7,0.44,2.12,631.0,98.3,2023,2.0,3498.4,Kota Madiun,3.25,0.328,390.2394580860371,57
NGAWI,413947,73.28,14.4,2.41,2241054.0,880.7,0.44,2.12,631.0,98.3,2023,3.0,3932.77,Kota Madiun,2.16,0.328,87.6322121603006,24
NGAWI,413947,73.28,14.4,2.41,2241054.0,880.7,0.44,2.12,631.0,98.3,2023,4.0,3901.53,Kota Madiun,2.35,0.328,593.4220095679583,26
NGAWI,445865,73.91,13.81,2.4,2397928.0,884.1,0.43,2.11,633.0,98.1,2024,1.0,3660.79,Kota Madiun,3.05,0.289,619.8974137904315,26
NGAWI,445865,73.91,13.81,2.4,2397928.0,884.1,0.43,2.11,633.0,98.1,2024,2.0,3719.48,Kota Madiun,1.85,0.289,278.89562937014176,26
NGAWI,445865,73.91,13.81,2.4,2397928.0,884.1,0.43,2.11,633.0,98.1,2024,3.0,4136.15,Kota Madiun,1.22,0.289,1438.7587982801742,30
NGAWI,445865,73.91,13.81,2.4,2397928.0,884.1,0.43,2.11,633.0,98.1,2024,4.0,4079.55,Kota Madiun,"1,31",0.289,516.0785612531937,97
PACITAN,327758,70.19,13.8,3.65,1961154.77,588.55,0.4,1.43,417.0,100.6,2022,1.0,2887.34,Kota Madiun,2.38,0.338,90.73852459016392,30
PACITAN,327758,70.19,13.8,3.65,1961154.77,588.55,0.4,1.43,417.0,100.6,2022,2.0,2889.88,Kota Madiun,4.76,0.338,40.22586558036614,32
PACITAN,327758,70.19,13.8,3.65,1961154.77,588.55,0.4,1.43,417.0,100.6,2022,3.0,3034.02,Kota Madiun,6.14,0.338,244.3871794850907,31
PACITAN,327758,70.19,13.8,3.65,1961154.77,588.55,0.4,1.43,417.0,100.6,2022,4.0,2911.2,Kota Madiun,5.8,0.338,1188.4119999524637,30
PACITAN,352606,70.94,13.65,1.83,2199337.0,588.0,0.12,1.42,410.0,100.8,2023,1.0,3005.41,Kota Madiun,5.15,0.352,238.5649999940359,32
PACITAN,352606,70.94,13.65,1.83,2199337.0,588.0,0.12,1.42,410.0,100.8,2023,2.0,3054.34,Kota Madiun,3.25,0.352,118.1024999990158,39
PACITAN,352606,70.94,13.65,1.83,2199337.0,588.0,0.12,1.42,410.0,100.8,2023,3.0,3189.79,Kota Madiun,2.16,0.352,98.44435146402326,18
PACITAN,352606,70.94,13.65,1.83,2199337.0,588.0,0.12,1.42,410.0,100.8,2023,4.0,2995.43,Kota Madiun,2.35,0.352,132.7584717603563,19
PACITAN,370643,71.49,13.08,1.56,2364287.0,588.6,0.11,1.41,411.0,100.8,2024,1.0,3059.5,Kota Madiun,3.05,0.327,22.615254237224253,21
PACITAN,370643,71.49,13.08,1.56,2364287.0,588.6,0.11,1.41,411.0,100.8,2024,2.0,3266.3,Kota Madiun,1.85,0.327,155.32278480816046,21
PACITAN,370643,71.49,13.08,1.56,2364287.0,588.6,0.11,1.41,411.0,100.8,2024,3.0,3348.53,Kota Madiun,1.22,0.327,364.111904759015,20
PACITAN,370643,71.49,13.08,1.56,2364287.0,588.6,0.11,1.41,411.0,100.8,2024,4.0,3101.49,Kota Madiun,"1,31",0.327,168.0447983011294,63
PAMEKASAN,392345,69.35,13.93,1.4,1939686.39,864.65,0.82,2.1,1089.0,96.45,2022,1.0,3102.25,Kabupaten Sumenep,3.57,0.305,11.7437125748503,41
PAMEKASAN,392345,69.35,13.93,1.4,1939686.39,864.65,0.82,2.1,1089.0,96.45,2022,2.0,3047.84,Kabupaten Sumenep,5.79,0.305,4692.774998826806,42
PAMEKASAN,392345,69.35,13.93,1.4,1939686.39,864.65,0.82,2.1,1089.0,96.45,2022,3.0,2949.99,Kabupaten Sumenep,6.54,0.305,2538.2074073134,46
PAMEKASAN,392345,69.35,13.93,1.4,1939686.39,864.65,0.82,2.1,1089.0,96.45,2022,4.0,2931.48,Kabupaten Sumenep,6.32,0.305,370.7210526120673,52
PAMEKASAN,431127,70.32,13.85,1.74,2221135.0,875.8,1.09,2.11,1101.0,96.7,2023,1.0,3229.8,Kabupaten Sumenep,6.43,0.348,424.4176470338578,62
PAMEKASAN,431127,70.32,13.85,1.74,2221135.0,875.8,1.09,2.11,1101.0,96.7,2023,2.0,3244.16,Kabupaten Sumenep,4.53,0.348,385.0136986248628,69
PAMEKASAN,431127,70.32,13.85,1.74,2221135.0,875.8,1.09,2.11,1101.0,96.7,2023,3.0,3201.0,Kabupaten Sumenep,4.47,0.348,494.9315789213194,44
PAMEKASAN,431127,70.32,13.85,1.74,2221135.0,875.8,1.09,2.11,1101.0,96.7,2023,4.0,2953.72,Kabupaten Sumenep,5.08,0.348,942.3333330192222,44
PAMEKASAN,467493,70.85,13.41,1.64,2376614.0,884.7,1.07,2.12,1113.0,96.8,2024,1.0,3272.2,Kabupaten Sumenep,4.68,0.301,2.0881773398989063,44
PAMEKASAN,467493,70.85,13.41,1.64,2376614.0,884.7,1.07,2.12,1113.0,96.8,2024,2.0,3409.69,Kabupaten Sumenep,3.24,0.301,1553.776271173273,44
PAMEKASAN,467493,70.85,13.41,1.64,2376614.0,884.7,1.07,2.12,1113.0,96.8,2024,3.0,3355.56,Kabupaten Sumenep,2.45,0.301,582.659459443712,45
PAMEKASAN,467493,70.85,13.41,1.64,2376614.0,884.7,1.07,2.12,1113.0,96.8,2024,4.0,3207.8,Kabupaten Sumenep,"1,97",0.301,89.29999999810002,123
PASURUAN,394016,71.29,8.96,5.91,4365133.19,1628.15,0.67,3.95,1097.0,100.1,2022,1.0,27379.32,Kota Malang,2.98,0.325,712.0077724358974,168
PASURUAN,394016,71.29,8.96,5.91,4365133.19,1628.15,0.67,3.95,1097.0,100.1,2022,2.0,28086.03,Kota Malang,5.3,0.325,520.858785942381,59
PASURUAN,394016,71.29,8.96,5.91,4365133.19,1628.15,0.67,3.95,1097.0,100.1,2022,3.0,28694.84,Kota Malang,7.08,0.325,601.2845642538399,65
PASURUAN,394016,71.29,8.96,5.91,4365133.19,1628.15,0.67,3.95,1097.0,100.1,2022,4.0,29191.89,Kota Malang,6.45,0.325,1121.3659216063745,203
PASURUAN,429624,71.91,9.24,5.48,4635133.0,1644.5,0.86,3.96,1101.0,100.1,2023,1.0,28943.38,Kota Malang,5.74,0.367,713.9375105840492,72
PASURUAN,429624,71.91,9.24,5.48,4635133.0,1644.5,0.86,3.96,1101.0,100.1,2023,2.0,29565.83,Kota Malang,3.85,0.367,766.3236228593425,87
PASURUAN,429624,71.91,9.24,5.48,4635133.0,1644.5,0.86,3.96,1101.0,100.1,2023,3.0,30073.94,Kota Malang,2.27,0.367,738.0324740645276,56
PASURUAN,429624,71.91,9.24,5.48,4635133.0,1644.5,0.86,3.96,1101.0,100.1,2023,4.0,30669.39,Kota Malang,2.56,0.367,1786.053635962717,141
PASURUAN,450088,72.36,8.63,5.02,4866890.0,1657.2,0.84,3.96,1110.0,100.1,2024,1.0,30547.67,Kota Malang,2.9,0.331,613.1214133218161,54
PASURUAN,450088,72.36,8.63,5.02,4866890.0,1657.2,0.84,3.96,1110.0,100.1,2024,2.0,31125.82,Kota Malang,2.02,0.331,626.389941756132,144
PASURUAN,450088,72.36,8.63,5.02,4866890.0,1657.2,0.84,3.96,1110.0,100.1,2024,3.0,31684.16,Kota Malang,1.62,0.331,1067.617981927389,67
PASURUAN,450088,72.36,8.63,5.02,4866890.0,1657.2,0.84,3.96,1110.0,100.1,2024,4.0,32265.17,Kota Malang,"1,36",0.331,413.3977890010759,139
PONOROGO,362461,72.59,9.32,5.51,1954281.32,957.65,0.66,2.33,704.0,99.6,2022,1.0,3615.62,Kota Madiun,2.38,0.336,555.8402298850575,61
PONOROGO,362461,72.59,9.32,5.51,1954281.32,957.65,0.66,2.33,704.0,99.6,2022,2.0,3746.59,Kota Madiun,4.76,0.336,172.80499999855994,67
PONOROGO,362461,72.59,9.32,5.51,1954281.32,957.65,0.66,2.33,704.0,99.6,2022,3.0,3990.37,Kota Madiun,6.14,0.336,533.8299270034028,67
PONOROGO,362461,72.59,9.32,5.51,1954281.32,957.65,0.66,2.33,704.0,99.6,2022,4.0,3741.12,Kota Madiun,5.8,0.336,1594.2808823294956,75
PONOROGO,395069,73.18,9.53,4.66,2235311.0,959.5,0.39,2.31,676.0,99.4,2023,1.0,3848.15,Kota Madiun,5.15,0.341,83.07293729345521,78
PONOROGO,395069,73.18,9.53,4.66,2235311.0,959.5,0.39,2.31,676.0,99.4,2023,2.0,4002.72,Kota Madiun,3.25,0.341,787.0519480417266,97
PONOROGO,395069,73.18,9.53,4.66,2235311.0,959.5,0.39,2.31,676.0,99.4,2023,3.0,4185.2,Kota Madiun,2.16,0.341,122.41071428531686,50
PONOROGO,395069,73.18,9.53,4.66,2235311.0,959.5,0.39,2.31,676.0,99.4,2023,4.0,3833.98,Kota Madiun,2.35,0.341,178.13399503677883,51
PONOROGO,413619,73.7,9.11,4.19,2402959.0,962.9,0.38,2.3,679.0,99.3,2024,1.0,3953.78,Kota Madiun,3.05,0.326,401.7608888871033,52
PONOROGO,413619,73.7,9.11,4.19,2402959.0,962.9,0.38,2.3,679.0,99.3,2024,2.0,4280.65,Kota Madiun,1.85,0.326,377.0964968140857,52
PONOROGO,413619,73.7,9.11,4.19,2402959.0,962.9,0.38,2.3,679.0,99.3,2024,3.0,4379.51,Kota Madiun,1.22,0.326,99.84526854194414,57
PONOROGO,413619,73.7,9.11,4.19,2402959.0,962.9,0.38,2.3,679.0,99.3,2024,4.0,4008.84,Kota Madiun,"1,31",0.326,340.8343434309006,183
PROBOLINGGO,475713,69.56,17.12,3.25,2553265.95,1166.4,0.58,2.83,681.5,97.45,2022,1.0,5786.35,Kota Malang,2.98,0.275,1849.925974025974,44
PROBOLINGGO,475713,69.56,17.12,3.25,2553265.95,1166.4,0.58,2.83,681.5,97.45,2022,2.0,6605.33,Kota Malang,5.3,0.275,9995.907142500148,76
PROBOLINGGO,475713,69.56,17.12,3.25,2553265.95,1166.4,0.58,2.83,681.5,97.45,2022,3.0,6310.01,Kota Malang,7.08,0.275,5327.044680737722,79
PROBOLINGGO,475713,69.56,17.12,3.25,2553265.95,1166.4,0.58,2.83,681.5,97.45,2022,4.0,6032.5,Kota Malang,6.45,0.275,2066.452808965545,85
PROBOLINGGO,514274,70.36,17.19,3.24,2806955.0,1176.9,0.77,2.83,682.0,97.5,2023,1.0,6095.67,Kota Malang,5.74,0.319,2655.962801919537,60
PROBOLINGGO,514274,70.36,17.19,3.24,2806955.0,1176.9,0.77,2.83,682.0,97.5,2023,2.0,6813.81,Kota Malang,3.85,0.319,1015.7928333316404,90
PROBOLINGGO,514274,70.36,17.19,3.24,2806955.0,1176.9,0.77,2.83,682.0,97.5,2023,3.0,6603.36,Kota Malang,2.27,0.319,662.3842791906964,47
PROBOLINGGO,514274,70.36,17.19,3.24,2806955.0,1176.9,0.77,2.83,682.0,97.5,2023,4.0,6392.09,Kota Malang,2.56,0.319,946.975612052285,44
PROBOLINGGO,537724,70.85,16.45,3.0,2989407.0,1185.2,0.75,2.83,687.0,97.4,2024,1.0,6314.09,Kota Malang,2.9,0.339,1180.2290431827432,44
PROBOLINGGO,537724,70.85,16.45,3.0,2989407.0,1185.2,0.75,2.83,687.0,97.4,2024,2.0,7170.88,Kota Malang,2.02,0.339,810.2825170484748,44
PROBOLINGGO,537724,70.85,16.45,3.0,2989407.0,1185.2,0.75,2.83,687.0,97.4,2024,3.0,6948.47,Kota Malang,1.62,0.339,1569.3164613644242,46
PROBOLINGGO,537724,70.85,16.45,3.0,2989407.0,1185.2,0.75,2.83,687.0,97.4,2024,4.0,6719.65,Kota Malang,"1,36",0.339,6953.092613616611,113
SAMPANG,411661,65.44,21.61,3.11,1922122.97,990.25,1.08,2.41,805.0,98.8,2022,1.0,3649.21,Kabupaten Sumenep,3.57,0.28,134.16808510638296,13
SAMPANG,411661,65.44,21.61,3.11,1922122.97,990.25,1.08,2.41,805.0,98.8,2022,2.0,3613.86,Kabupaten Sumenep,5.79,0.28,1382.3333328725555,14
SAMPANG,411661,65.44,21.61,3.11,1922122.97,990.25,1.08,2.41,805.0,98.8,2022,3.0,3810.05,Kabupaten Sumenep,6.54,0.28,357.5777777380469,14
SAMPANG,411661,65.44,21.61,3.11,1922122.97,990.25,1.08,2.41,805.0,98.8,2022,4.0,3235.16,Kabupaten Sumenep,6.32,0.28,1059.3865671483672,15
SAMPANG,454716,66.19,21.76,2.72,2182861.0,1004.5,1.29,2.42,818.0,98.9,2023,1.0,3690.35,Kabupaten Sumenep,6.43,0.254,216.819999978318,15
SAMPANG,454716,66.19,21.76,2.72,2182861.0,1004.5,1.29,2.42,818.0,98.9,2023,2.0,3704.11,Kabupaten Sumenep,4.53,0.254,484200000000.0,23
SAMPANG,454716,66.19,21.76,2.72,2182861.0,1004.5,1.29,2.42,818.0,98.9,2023,3.0,3813.0,Kabupaten Sumenep,4.47,0.254,19.812285714229105,10
SAMPANG,454716,66.19,21.76,2.72,2182861.0,1004.5,1.29,2.42,818.0,98.9,2023,4.0,3466.66,Kabupaten Sumenep,5.08,0.254,2774.8499993062874,11
SAMPANG,491753,66.72,20.83,2.5,2335661.0,1016.3,1.26,2.43,827.0,98.8,2024,1.0,3727.01,Kabupaten Sumenep,4.68,0.233,4625600000000.0,12
SAMPANG,491753,66.72,20.83,2.5,2335661.0,1016.3,1.26,2.43,827.0,98.8,2024,2.0,3850.67,Kabupaten Sumenep,3.24,0.233,24579500000000.0,12
SAMPANG,491753,66.72,20.83,2.5,2335661.0,1016.3,1.26,2.43,827.0,98.8,2024,3.0,3844.88,Kabupaten Sumenep,2.45,0.233,388000000000.0,13
SAMPANG,491753,66.72,20.83,2.5,2335661.0,1016.3,1.26,2.43,827.0,98.8,2024,4.0,3502.73,Kabupaten Sumenep,"1,97",0.233,1768699999999.9998,32
SIDOARJO,523213,81.37,5.36,8.8,4368581.85,2120.3,0.86,5.14,3133.0,101.25,2022,1.0,36647.92,Kota Surabaya,3.16,0.373,347.3739360730594,724
SIDOARJO,523213,81.37,5.36,8.8,4368581.85,2120.3,0.86,5.14,3133.0,101.25,2022,2.0,37244.38,Kota Surabaya,4.89,0.373,1134.45164790974,753
SIDOARJO,523213,81.37,5.36,8.8,4368581.85,2120.3,0.86,5.14,3133.0,101.25,2022,3.0,38569.8,Kota Surabaya,6.91,0.373,994.1450885105886,820
SIDOARJO,523213,81.37,5.36,8.8,4368581.85,2120.3,0.86,5.14,3133.0,101.25,2022,4.0,39151.79,Kota Surabaya,6.59,0.373,521.2569958846204,884
SIDOARJO,571696,81.88,5.0,8.05,4638582.0,2148.7,1.14,5.17,2968.0,101.1,2023,1.0,39232.68,Kota Surabaya,6.3,0.359,589.9999026289016,926
SIDOARJO,571696,81.88,5.0,8.05,4638582.0,2148.7,1.14,5.17,2968.0,101.1,2023,2.0,40035.91,Kota Surabaya,4.91,0.359,488.050362116901,1035
SIDOARJO,571696,81.88,5.0,8.05,4638582.0,2148.7,1.14,5.17,2968.0,101.1,2023,3.0,40569.88,Kota Surabaya,3.14,0.359,323.2271013831644,579
SIDOARJO,571696,81.88,5.0,8.05,4638582.0,2148.7,1.14,5.17,2968.0,101.1,2023,4.0,41112.31,Kota Surabaya,3.03,0.359,451.94110738249617,596
SIDOARJO,597284,82.67,4.53,6.49,4870511.0,2171.5,1.12,5.19,2999.0,101.0,2024,1.0,41648.64,Kota Surabaya,2.99,0.327,498.2764196164733,602
SIDOARJO,597284,82.67,4.53,6.49,4870511.0,2171.5,1.12,5.19,2999.0,101.0,2024,2.0,42235.88,Kota Surabaya,2.35,0.327,296.3939366606237,602
SIDOARJO,597284,82.67,4.53,6.49,4870511.0,2171.5,1.12,5.19,2999.0,101.0,2024,3.0,42903.34,Kota Surabaya,1.65,0.327,410.68510511697633,659
SIDOARJO,597284,82.67,4.53,6.49,4870511.0,2171.5,1.12,5.19,2999.0,101.0,2024,4.0,43079.94,Kota Surabaya,"1,38",0.327,346.5872958949835,1775
SITUBONDO,356133,69.76,11.78,3.38,1942750.77,692.65,0.52,1.68,416.5,96.5,2022,1.0,3435.53,Kabupaten Jember,2.87,0.298,206.4931506849315,50
SITUBONDO,356133,69.76,11.78,3.38,1942750.77,692.65,0.52,1.68,416.5,96.5,2022,2.0,3641.77,Kabupaten Jember,5.53,0.298,183.77968749712844,52
SITUBONDO,356133,69.76,11.78,3.38,1942750.77,692.65,0.52,1.68,416.5,96.5,2022,3.0,3739.83,Kabupaten Jember,7.3,0.298,250.02333333214276,52
SITUBONDO,356133,69.76,11.78,3.38,1942750.77,692.65,0.52,1.68,416.5,96.5,2022,4.0,3500.87,Kabupaten Jember,7.39,0.298,1023.3949999829434,58
SITUBONDO,396587,70.65,11.9,3.27,2172287.0,697.0,0.58,1.68,421.0,96.6,2023,1.0,3594.13,Kabupaten Jember,6.48,0.326,3052.394444359656,63
SITUBONDO,396587,70.65,11.9,3.27,2172287.0,697.0,0.58,1.68,421.0,96.6,2023,2.0,3850.61,Kabupaten Jember,4.31,0.326,16.32779220777807,70
SITUBONDO,396587,70.65,11.9,3.27,2172287.0,697.0,0.58,1.68,421.0,96.6,2023,3.0,3932.08,Kabupaten Jember,3.05,0.326,1004.1690196039052,39
SITUBONDO,396587,70.65,11.9,3.27,2172287.0,697.0,0.58,1.68,421.0,96.6,2023,4.0,3642.17,Kabupaten Jember,2.29,0.326,166.24565217319025,41
SITUBONDO,413611,71.22,11.51,3.15,2335209.0,700.7,0.57,1.68,424.0,96.6,2024,1.0,3787.45,Kabupaten Jember,2.53,0.385,90.4190476188754,41
SITUBONDO,413611,71.22,11.51,3.15,2335209.0,700.7,0.57,1.68,424.0,96.6,2024,2.0,4036.98,Kabupaten Jember,1.99,0.385,531.3781565649856,41
SITUBONDO,413611,71.22,11.51,3.15,2335209.0,700.7,0.57,1.68,424.0,96.6,2024,3.0,4103.86,Kabupaten Jember,1.56,0.385,115.91660026545031,48
SITUBONDO,413611,71.22,11.51,3.15,2335209.0,700.7,0.57,1.68,424.0,96.6,2024,4.0,3813.47,Kabupaten Jember,"1,74",0.385,653.653999986927,88
SUMENEP,427882,68.49,18.76,1.36,1978927.22,1138.2,0.68,2.76,557.5,93.65,2022,1.0,6123.27,Kabupaten Sumenep,3.57,0.266,14.891044776119404,35
SUMENEP,427882,68.49,18.76,1.36,1978927.22,1138.2,0.68,2.76,557.5,93.65,2022,2.0,6406.29,Kabupaten Sumenep,5.79,0.266,8.641975308535283,34
SUMENEP,427882,68.49,18.76,1.36,1978927.22,1138.2,0.68,2.76,557.5,93.65,2022,3.0,6402.85,Kabupaten Sumenep,6.54,0.266,833.907692294863,39
SUMENEP,427882,68.49,18.76,1.36,1978927.22,1138.2,0.68,2.76,557.5,93.65,2022,4.0,5980.21,Kabupaten Sumenep,6.32,0.266,208.48148147375997,44
SUMENEP,471860,69.13,18.7,1.71,2249113.0,1146.6,0.71,2.76,550.0,94.0,2023,1.0,6366.02,Kabupaten Sumenep,6.43,0.287,33.508571427614044,44
SUMENEP,471860,69.13,18.7,1.71,2249113.0,1146.6,0.71,2.76,550.0,94.0,2023,2.0,6785.71,Kabupaten Sumenep,4.53,0.287,774.3874999032016,52
SUMENEP,471860,69.13,18.7,1.71,2249113.0,1146.6,0.71,2.76,550.0,94.0,2023,3.0,6918.36,Kabupaten Sumenep,4.47,0.287,235.4624999852836,24
SUMENEP,471860,69.13,18.7,1.71,2249113.0,1146.6,0.71,2.76,550.0,94.0,2023,4.0,6174.7,Kabupaten Sumenep,5.08,0.287,23285700000000.0,25
SUMENEP,506569,69.78,17.78,1.69,2406551.0,1153.2,0.68,2.76,553.0,94.1,2024,1.0,6522.73,Kabupaten Sumenep,4.68,0.308,225.52352941010648,27
SUMENEP,506569,69.78,17.78,1.69,2406551.0,1153.2,0.68,2.76,553.0,94.1,2024,2.0,6966.74,Kabupaten Sumenep,3.24,0.308,15103.6999848963,27
SUMENEP,506569,69.78,17.78,1.69,2406551.0,1153.2,0.68,2.76,553.0,94.1,2024,3.0,7271.07,Kabupaten Sumenep,2.45,0.308,335.979999932804,30
SUMENEP,506569,69.78,17.78,1.69,2406551.0,1153.2,0.68,2.76,553.0,94.1,2024,4.0,6473.85,Kabupaten Sumenep,"1,97",0.308,1017.6928570701648,85
TRENGGALEK,381448,71.28,10.96,5.37,1944932.74,738.05,0.59,1.79,617.0,100.8,2022,1.0,3196.18,Kota Kediri,2.33,0.331,44.0061224489796,19
TRENGGALEK,381448,71.28,10.96,5.37,1944932.74,738.05,0.59,1.79,617.0,100.8,2022,2.0,3340.32,Kota Kediri,4.03,0.331,795.49999996818,21
TRENGGALEK,381448,71.28,10.96,5.37,1944932.74,738.05,0.59,1.79,617.0,100.8,2022,3.0,3507.08,Kota Kediri,6.29,0.331,544.749999945525,21
TRENGGALEK,381448,71.28,10.96,5.37,1944932.74,738.05,0.59,1.79,617.0,100.8,2022,4.0,3501.82,Kota Kediri,5.76,0.331,828.6516128764952,21
TRENGGALEK,411527,71.96,10.63,4.52,2223163.0,741.2,0.5,1.78,593.0,100.6,2023,1.0,3357.34,Kota Kediri,5.36,0.336,727.3428570909042,24
TRENGGALEK,411527,71.96,10.63,4.52,2223163.0,741.2,0.5,1.78,593.0,100.6,2023,2.0,3519.24,Kota Kediri,3.92,0.336,4026.29999798685,31
TRENGGALEK,411527,71.96,10.63,4.52,2223163.0,741.2,0.5,1.78,593.0,100.6,2023,3.0,3679.26,Kota Kediri,2.55,0.336,787.4576922774055,12
TRENGGALEK,411527,71.96,10.63,4.52,2223163.0,741.2,0.5,1.78,593.0,100.6,2023,4.0,3656.23,Kota Kediri,2.64,0.336,13.10399999982528,14
TRENGGALEK,434146,72.47,10.5,3.9,2378784.0,744.5,0.49,1.78,596.0,100.5,2024,1.0,3509.02,Kota Kediri,2.88,0.35,4793.4999952065,15
TRENGGALEK,434146,72.47,10.5,3.9,2378784.0,744.5,0.49,1.78,596.0,100.5,2024,2.0,3712.51,Kota Kediri,1.72,0.35,628.0082474162061,15
TRENGGALEK,434146,72.47,10.5,3.9,2378784.0,744.5,0.49,1.78,596.0,100.5,2024,3.0,3859.56,Kota Kediri,0.88,0.35,77.82799999688689,19
TRENGGALEK,434146,72.47,10.5,3.9,2378784.0,744.5,0.49,1.78,596.0,100.5,2024,4.0,3800.46,Kota Kediri,"1,19",0.35,19.74895833323048,60
TUBAN,421287,70.79,15.02,4.54,2539224.88,1210.85,0.59,2.94,636.5,99.7,2022,1.0,11902.15,Kota Surabaya,3.16,0.345,663.9846511627907,103
TUBAN,421287,70.79,15.02,4.54,2539224.88,1210.85,0.59,2.94,636.5,99.7,2022,2.0,11598.67,Kota Surabaya,4.89,0.345,1067.1487266535362,117
TUBAN,421287,70.79,15.02,4.54,2539224.88,1210.85,0.59,2.94,636.5,99.7,2022,3.0,12074.94,Kota Surabaya,6.91,0.345,4840.436363592359,133
TUBAN,421287,70.79,15.02,4.54,2539224.88,1210.85,0.59,2.94,636.5,99.7,2022,4.0,12314.51,Kota Surabaya,6.59,0.345,1095.1064553977756,135
TUBAN,454336,71.4,14.91,4.4,2864225.0,1218.6,0.62,2.93,617.0,99.7,2023,1.0,12575.0,Kota Surabaya,6.3,0.338,6984.573684173766,147
TUBAN,454336,71.4,14.91,4.4,2864225.0,1218.6,0.62,2.93,617.0,99.7,2023,2.0,12105.34,Kota Surabaya,4.91,0.338,1951.2328858994929,164
TUBAN,454336,71.4,14.91,4.4,2864225.0,1218.6,0.62,2.93,617.0,99.7,2023,3.0,12583.62,Kota Surabaya,3.14,0.338,1845.3007751890304,84
TUBAN,454336,71.4,14.91,4.4,2864225.0,1218.6,0.62,2.93,617.0,99.7,2023,4.0,12720.27,Kota Surabaya,3.03,0.338,5008.368322965813,85
TUBAN,488131,72.31,14.36,4.28,3050400.0,1225.2,0.6,2.93,621.0,99.7,2024,1.0,13055.96,Kota Surabaya,2.99,0.335,2039.0709923625209,86
TUBAN,488131,72.31,14.36,4.28,3050400.0,1225.2,0.6,2.93,621.0,99.7,2024,2.0,12511.09,Kota Surabaya,2.35,0.335,1021.4583521433168,86
TUBAN,488131,72.31,14.36,4.28,3050400.0,1225.2,0.6,2.93,621.0,99.7,2024,3.0,12967.71,Kota Surabaya,1.65,0.335,571.5128413709638,97
TUBAN,488131,72.31,14.36,4.28,3050400.0,1225.2,0.6,2.93,621.0,99.7,2024,4.0,13378.65,Kota Surabaya,"1,38",0.335,2989.478439418913,232
TULUNGAGUNG,391888,74.14,6.71,6.65,2029358.67,1102.2,0.71,2.67,1003.5,100.1,2022,1.0,6902.2,Kota Kediri,2.33,0.342,42.46147186147186,94
TULUNGAGUNG,391888,74.14,6.71,6.65,2029358.67,1102.2,0.71,2.67,1003.5,100.1,2022,2.0,7348.07,Kota Kediri,4.03,0.342,5.908651911456924,99
TULUNGAGUNG,391888,74.14,6.71,6.65,2029358.67,1102.2,0.71,2.67,1003.5,100.1,2022,3.0,7517.45,Kota Kediri,6.29,0.342,2279.5285711029246,105
TULUNGAGUNG,391888,74.14,6.71,6.65,2029358.67,1102.2,0.71,2.67,1003.5,100.1,2022,4.0,7051.19,Kota Kediri,5.76,0.342,15.26217616572403,118
TULUNGAGUNG,423875,74.65,6.53,5.65,2320000.0,1107.8,0.6,2.67,968.0,100.1,2023,1.0,7233.08,Kota Kediri,5.36,0.328,925.3742856878464,124
TULUNGAGUNG,423875,74.65,6.53,5.65,2320000.0,1107.8,0.6,2.67,968.0,100.1,2023,2.0,7691.13,Kota Kediri,3.92,0.328,57.21483516473037,144
TULUNGAGUNG,423875,74.65,6.53,5.65,2320000.0,1107.8,0.6,2.67,968.0,100.1,2023,3.0,7909.09,Kota Kediri,2.55,0.328,502.7703196324075,86
TULUNGAGUNG,423875,74.65,6.53,5.65,2320000.0,1107.8,0.6,2.67,968.0,100.1,2023,4.0,7401.3,Kota Kediri,2.64,0.328,364.3337349353695,87
TULUNGAGUNG,447793,75.13,6.28,4.12,2470800.0,1113.9,0.58,2.66,973.0,100.1,2024,1.0,7535.06,Kota Kediri,2.88,0.321,32.29586776850607,88
TULUNGAGUNG,447793,75.13,6.28,4.12,2470800.0,1113.9,0.58,2.66,973.0,100.1,2024,2.0,8007.7,Kota Kediri,1.72,0.321,70.74119947839539,88
TULUNGAGUNG,447793,75.13,6.28,4.12,2470800.0,1113.9,0.58,2.66,973.0,100.1,2024,3.0,8242.93,Kota Kediri,0.88,0.321,49.149315068418346,91
TULUNGAGUNG,447793,75.13,6.28,4.12,2470800.0,1113.9,0.58,2.66,973.0,100.1,2024,4.0,7918.2,Kota Kediri,"1,19",0.321,69.0583941603319,191
BATU,564010,78.13,3.79,8.43,2830367.09,217.45,2.2,0.53,1352.0,101.35,2022,1.0,2993.33,Kota Malang,2.98,0.308,68.58681318681319,41
BATU,564010,78.13,3.79,8.43,2830367.09,217.45,2.2,0.53,1352.0,101.35,2022,2.0,3047.03,Kota Malang,5.3,0.308,11.9999999988,44
BATU,564010,78.13,3.79,8.43,2830367.09,217.45,2.2,0.53,1352.0,101.35,2022,3.0,3104.76,Kota Malang,7.08,0.308,148.88219584525555,45
BATU,564010,78.13,3.79,8.43,2830367.09,217.45,2.2,0.53,1352.0,101.35,2022,4.0,3035.81,Kota Malang,6.45,0.308,168.77175572390252,52
BATU,613985,79.07,3.31,4.52,3155367.0,220.2,3.38,0.53,1134.0,101.3,2023,1.0,3107.36,Kota Malang,5.74,0.33,257.2027026957513,53
BATU,613985,79.07,3.31,4.52,3155367.0,220.2,3.38,0.53,1134.0,101.3,2023,2.0,3312.45,Kota Malang,3.85,0.33,922.2903030247136,68
BATU,613985,79.07,3.31,4.52,3155367.0,220.2,3.38,0.53,1134.0,101.3,2023,3.0,3251.0,Kota Malang,2.27,0.33,76.92064516079407,37
BATU,613985,79.07,3.31,4.52,3155367.0,220.2,3.38,0.53,1134.0,101.3,2023,4.0,3265.79,Kota Malang,2.56,0.33,189.74821428232596,39
BATU,642778,79.69,3.06,3.63,3360466.0,222.7,1.19,0.53,1147.0,101.3,2024,1.0,3270.35,Kota Malang,2.9,0.327,336.9339130405484,40
BATU,642778,79.69,3.06,3.63,3360466.0,222.7,1.19,0.53,1147.0,101.3,2024,2.0,3457.79,Kota Malang,2.02,0.327,155.69243697413577,40
BATU,642778,79.69,3.06,3.63,3360466.0,222.7,1.19,0.53,1147.0,101.3,2024,3.0,3427.55,Kota Malang,1.62,0.327,417.9022653708159,42
BATU,642778,79.69,3.06,3.63,3360466.0,222.7,1.19,0.53,1147.0,101.3,2024,4.0,3432.45,Kota Malang,"1,36",0.327,62.73262786592432,93
KOTA BLITAR,517363,80.15,7.37,5.39,2039024.44,151.9,1.98,0.37,4618.0,98.8,2022,1.0,1247.96,Kota Kediri,2.33,0.381,63.871428571428574,51
KOTA BLITAR,517363,80.15,7.37,5.39,2039024.44,151.9,1.98,0.37,4618.0,98.8,2022,2.0,1290.09,Kota Kediri,4.03,0.381,7925.199992074799,54
KOTA BLITAR,517363,80.15,7.37,5.39,2039024.44,151.9,1.98,0.37,4618.0,98.8,2022,3.0,1296.74,Kota Kediri,6.29,0.381,467.0295081890652,35
KOTA BLITAR,517363,80.15,7.37,5.39,2039024.44,151.9,1.98,0.37,4618.0,98.8,2022,4.0,1346.82,Kota Kediri,5.76,0.381,42.831538461208986,37
KOTA BLITAR,568280,80.78,7.3,5.24,2330000.0,153.4,2.86,0.37,4619.0,98.6,2023,1.0,1322.43,Kota Kediri,5.36,0.397,407.64426229174063,60
KOTA BLITAR,568280,80.78,7.3,5.24,2330000.0,153.4,2.86,0.37,4619.0,98.6,2023,2.0,1370.59,Kota Kediri,3.92,0.397,40.7981132067774,79
KOTA BLITAR,568280,80.78,7.3,5.24,2330000.0,153.4,2.86,0.37,4619.0,98.6,2023,3.0,1372.03,Kota Kediri,2.55,0.397,453.5474576194314,46
KOTA BLITAR,568280,80.78,7.3,5.24,2330000.0,153.4,2.86,0.37,4619.0,98.6,2023,4.0,1390.76,Kota Kediri,2.64,0.397,149.55555555318168,48
KOTA BLITAR,596105,81.44,6.75,5.11,2481450.0,154.9,1.02,0.37,4664.0,98.5,2024,1.0,1395.97,Kota Kediri,2.88,0.353,3.2469498069473,48
KOTA BLITAR,596105,81.44,6.75,5.11,2481450.0,154.9,1.02,0.37,4664.0,98.5,2024,2.0,1446.41,Kota Kediri,1.72,0.353,205.7881355914764,48
KOTA BLITAR,596105,81.44,6.75,5.11,2481450.0,154.9,1.02,0.37,4664.0,98.5,2024,3.0,1448.68,Kota Kediri,0.88,0.353,26.445867098844044,27
KOTA BLITAR,596105,81.44,6.75,5.11,2481450.0,154.9,1.02,0.37,4664.0,98.5,2024,4.0,1455.33,Kota Kediri,"1,19",0.353,420.9527638169801,111
KOTA KEDIRI,537326,80.12,7.23,4.38,2118116.63,291.6,1.74,0.7,4466.5,100.4,2022,1.0,22737.65,Kota Kediri,2.33,0.371,77.8623046875,158
KOTA KEDIRI,537326,80.12,7.23,4.38,2118116.63,291.6,1.74,0.7,4466.5,100.4,2022,2.0,22218.58,Kota Kediri,4.03,0.371,106.89489361679384,171
KOTA KEDIRI,537326,80.12,7.23,4.38,2118116.63,291.6,1.74,0.7,4466.5,100.4,2022,3.0,22160.17,Kota Kediri,6.29,0.371,271.323999999397,177
KOTA KEDIRI,537326,80.12,7.23,4.38,2118116.63,291.6,1.74,0.7,4466.5,100.4,2022,4.0,22790.81,Kota Kediri,5.76,0.371,943.9542856873156,186
KOTA KEDIRI,587723,80.97,7.15,4.06,2415362.0,295.2,2.94,0.71,4391.0,100.5,2023,1.0,22653.69,Kota Kediri,5.36,0.4,335.1669642827218,90
KOTA KEDIRI,587723,80.97,7.15,4.06,2415362.0,295.2,2.94,0.71,4391.0,100.5,2023,2.0,22333.23,Kota Kediri,3.92,0.4,185.00129533654797,230
KOTA KEDIRI,587723,80.97,7.15,4.06,2415362.0,295.2,2.94,0.71,4391.0,100.5,2023,3.0,22945.23,Kota Kediri,2.55,0.4,62.2020661156168,114
KOTA KEDIRI,587723,80.97,7.15,4.06,2415362.0,295.2,2.94,0.71,4391.0,100.5,2023,4.0,23699.21,Kota Kediri,2.64,0.4,751.6156681993014,114
KOTA KEDIRI,621051,81.88,6.51,3.91,2572361.0,298.2,1.05,0.71,4436.0,100.6,2024,1.0,24043.69,Kota Kediri,2.88,0.337,348.5446564872193,117
KOTA KEDIRI,621051,81.88,6.51,3.91,2572361.0,298.2,1.05,0.71,4436.0,100.6,2024,2.0,23140.95,Kota Kediri,1.72,0.337,35.18555871210455,117
KOTA KEDIRI,621051,81.88,6.51,3.91,2572361.0,298.2,1.05,0.71,4436.0,100.6,2024,3.0,23709.61,Kota Kediri,0.88,0.337,1384.736046506261,73
KOTA KEDIRI,621051,81.88,6.51,3.91,2572361.0,298.2,1.05,0.71,4436.0,100.6,2024,4.0,23879.83,Kota Kediri,"1,19",0.337,145.86181474452576,196
KOTA MADIUN,551620,83.02,4.76,6.39,1991105.79,198.45,1.82,0.48,5670.5,95.8,2022,1.0,2727.38,Kota Madiun,2.38,0.398,320.1358695652174,33
KOTA MADIUN,551620,83.02,4.76,6.39,1991105.79,198.45,1.82,0.48,5670.5,95.8,2022,2.0,2730.7,Kota Madiun,4.76,0.398,1272.769999872723,112
KOTA MADIUN,551620,83.02,4.76,6.39,1991105.79,198.45,1.82,0.48,5670.5,95.8,2022,3.0,2772.0,Kota Madiun,6.14,0.398,195.4525179842054,122
KOTA MADIUN,551620,83.02,4.76,6.39,1991105.79,198.45,1.82,0.48,5670.5,95.8,2022,4.0,2889.48,Kota Madiun,5.8,0.398,84.60352941076935,40
KOTA MADIUN,605131,83.71,4.74,5.85,2274277.0,200.0,2.45,0.48,5536.0,95.9,2023,1.0,2893.49,Kota Madiun,5.15,0.416,170.55066666439265,42
KOTA MADIUN,605131,83.71,4.74,5.85,2274277.0,200.0,2.45,0.48,5536.0,95.9,2023,2.0,2910.77,Kota Madiun,3.25,0.416,276.56575342339465,142
KOTA MADIUN,605131,83.71,4.74,5.85,2274277.0,200.0,2.45,0.48,5536.0,95.9,2023,3.0,2949.95,Kota Madiun,2.16,0.416,554.2404081610031,31
KOTA MADIUN,605131,83.71,4.74,5.85,2274277.0,200.0,2.45,0.48,5536.0,95.9,2023,4.0,3010.19,Kota Madiun,2.35,0.416,250.48333333214055,91
KOTA MADIUN,637838,84.51,4.38,4.3,2422105.0,201.8,0.89,0.48,5585.0,95.9,2024,1.0,3058.81,Kota Madiun,3.05,0.435,524.5372822281375,32
KOTA MADIUN,637838,84.51,4.38,4.3,2422105.0,201.8,0.89,0.48,5585.0,95.9,2024,2.0,3078.16,Kota Madiun,1.85,0.435,331.66129032181647,32
KOTA MADIUN,637838,84.51,4.38,4.3,2422105.0,201.8,0.89,0.48,5585.0,95.9,2024,3.0,3102.94,Kota Madiun,1.22,0.435,193.93145478349425,36
KOTA MADIUN,637838,84.51,4.38,4.3,2422105.0,201.8,0.89,0.48,5585.0,95.9,2024,4.0,3199.0,Kota Madiun,"1,31",0.435,301.98839285646875,112
KOTA MALANG,609612,83.38,4.37,7.66,2994143.98,855.1,1.36,2.08,6803.0,98.95,2022,1.0,13851.85,Kota Malang,2.98,0.421,373.935652173913,179
KOTA MALANG,609612,83.38,4.37,7.66,2994143.98,855.1,1.36,2.08,6803.0,98.95,2022,2.0,13989.0,Kota Malang,5.3,0.421,482.0809278338091,185
KOTA MALANG,609612,83.38,4.37,7.66,2994143.98,855.1,1.36,2.08,6803.0,98.95,2022,3.0,14311.5,Kota Malang,7.08,0.421,531.7212355191825,438
KOTA MALANG,609612,83.38,4.37,7.66,2994143.98,855.1,1.36,2.08,6803.0,98.95,2022,4.0,14526.29,Kota Malang,6.45,0.421,934.0242424207044,479
KOTA MALANG,674660,84.0,4.26,6.8,3309144.0,865.3,2.55,2.08,7790.0,98.9,2023,1.0,14547.44,Kota Malang,5.74,0.413,313.1909691623058,227
KOTA MALANG,674660,84.0,4.26,6.8,3309144.0,865.3,2.55,2.08,7790.0,98.9,2023,2.0,14953.48,Kota Malang,3.85,0.413,1237.0657074310864,573
KOTA MALANG,674660,84.0,4.26,6.8,3309144.0,865.3,2.55,2.08,7790.0,98.9,2023,3.0,15182.62,Kota Malang,2.27,0.413,275.10566552882244,144
KOTA MALANG,674660,84.0,4.26,6.8,3309144.0,865.3,2.55,2.08,7790.0,98.9,2023,4.0,15436.28,Kota Malang,2.56,0.413,862.7343485610298,313
KOTA MALANG,706341,84.68,3.91,6.1,3507693.0,872.7,0.9,2.09,7857.0,98.8,2024,1.0,15428.14,Kota Malang,2.9,0.422,913.3675946537712,320
KOTA MALANG,706341,84.68,3.91,6.1,3507693.0,872.7,0.9,2.09,7857.0,98.8,2024,2.0,15722.13,Kota Malang,2.02,0.422,491.960999999741,320
KOTA MALANG,706341,84.68,3.91,6.1,3507693.0,872.7,0.9,2.09,7857.0,98.8,2024,3.0,15960.07,Kota Malang,1.62,0.422,178.79243657243717,330
KOTA MALANG,706341,84.68,3.91,6.1,3507693.0,872.7,0.9,2.09,7857.0,98.8,2024,4.0,16262.97,Kota Malang,"1,36",0.422,339.62137168126566,774
KOTA MOJOKERTO,531804,80.19,5.98,5.05,2510452.36,134.7,1.82,0.33,6663.0,98.35,2022,1.0,1276.21,Kota Surabaya,3.16,0.381,788.2595238095239,72
KOTA MOJOKERTO,531804,80.19,5.98,5.05,2510452.36,134.7,1.82,0.33,6663.0,98.35,2022,2.0,1311.23,Kota Surabaya,4.89,0.381,1391.0181817549535,75
KOTA MOJOKERTO,531804,80.19,5.98,5.05,2510452.36,134.7,1.82,0.33,6663.0,98.35,2022,3.0,1328.07,Kota Surabaya,6.91,0.381,65.73939393906193,195
KOTA MOJOKERTO,531804,80.19,5.98,5.05,2510452.36,134.7,1.82,0.33,6663.0,98.35,2022,4.0,1337.48,Kota Surabaya,6.59,0.381,390.7964601735328,86
KOTA MOJOKERTO,581006,80.9,5.77,4.73,2832710.0,136.1,2.8,0.33,6732.0,98.3,2023,1.0,1318.43,Kota Surabaya,6.3,0.353,86.70499999566475,87
KOTA MOJOKERTO,581006,80.9,5.77,4.73,2832710.0,136.1,2.8,0.33,6732.0,98.3,2023,2.0,1350.17,Kota Surabaya,4.91,0.353,250.81430412338813,229
KOTA MOJOKERTO,581006,80.9,5.77,4.73,2832710.0,136.1,2.8,0.33,6732.0,98.3,2023,3.0,1348.53,Kota Surabaya,3.14,0.353,100.2403314911589,126
KOTA MOJOKERTO,581006,80.9,5.77,4.73,2832710.0,136.1,2.8,0.33,6732.0,98.3,2023,4.0,1382.49,Kota Surabaya,3.03,0.353,25.46987341765704,127
KOTA MOJOKERTO,610968,81.76,5.57,3.76,3031000.0,137.4,0.99,0.33,6796.0,98.2,2024,1.0,1391.57,Kota Surabaya,2.99,0.357,35.79508928563438,28
KOTA MOJOKERTO,610968,81.76,5.57,3.76,3031000.0,137.4,0.99,0.33,6796.0,98.2,2024,2.0,1424.36,Kota Surabaya,2.35,0.357,69.86448087393518,28
KOTA MOJOKERTO,610968,81.76,5.57,3.76,3031000.0,137.4,0.99,0.33,6796.0,98.2,2024,3.0,1422.7,Kota Surabaya,1.65,0.357,297.1879310319208,138
KOTA MOJOKERTO,610968,81.76,5.57,3.76,3031000.0,137.4,0.99,0.33,6796.0,98.2,2024,4.0,1448.16,Kota Surabaya,"1,38",0.357,501.05436893041735,393
KOTA PASURUAN,486893,77.71,6.37,6.18,2838837.64,212.95,2.51,0.52,5743.0,100.05,2022,1.0,1538.73,Kota Malang,2.98,0.36,125.04285714285712,54
KOTA PASURUAN,486893,77.71,6.37,6.18,2838837.64,212.95,2.51,0.52,5743.0,100.05,2022,2.0,1560.09,Kota Malang,5.3,0.36,317.13076920637457,176
KOTA PASURUAN,486893,77.71,6.37,6.18,2838837.64,212.95,2.51,0.52,5743.0,100.05,2022,3.0,1608.45,Kota Malang,7.08,0.36,20.465533980483176,182
KOTA PASURUAN,486893,77.71,6.37,6.18,2838837.64,212.95,2.51,0.52,5743.0,100.05,2022,4.0,1575.12,Kota Malang,6.45,0.36,101.54642857052193,68
KOTA PASURUAN,529512,78.3,6.6,5.64,3138838.0,216.4,4.04,0.52,5549.0,100.1,2023,1.0,1605.48,Kota Malang,5.74,0.378,636.3904761601719,216
KOTA PASURUAN,529512,78.3,6.6,5.64,3138838.0,216.4,4.04,0.52,5549.0,100.1,2023,2.0,1632.95,Kota Malang,3.85,0.378,56886699999999.99,240
KOTA PASURUAN,529512,78.3,6.6,5.64,3138838.0,216.4,4.04,0.52,5549.0,100.1,2023,3.0,1689.76,Kota Malang,2.27,0.378,191.26869565051072,142
KOTA PASURUAN,529512,78.3,6.6,5.64,3138838.0,216.4,4.04,0.52,5549.0,100.1,2023,4.0,1708.89,Kota Malang,2.56,0.378,15.325433525982032,55
KOTA PASURUAN,554195,78.9,6.32,4.63,3358557.0,219.4,1.43,0.52,5626.0,100.1,2024,1.0,1706.63,Kota Malang,2.9,0.334,111.73541666433886,144
KOTA PASURUAN,554195,78.9,6.32,4.63,3358557.0,219.4,1.43,0.52,5626.0,100.1,2024,2.0,1717.62,Kota Malang,2.02,0.334,174.87692307580207,54
KOTA PASURUAN,554195,78.9,6.32,4.63,3358557.0,219.4,1.43,0.52,5626.0,100.1,2024,3.0,1769.27,Kota Malang,1.62,0.334,23.6961904759648,166
KOTA PASURUAN,554195,78.9,6.32,4.63,3358557.0,219.4,1.43,0.52,5626.0,100.1,2024,4.0,1805.22,Kota Malang,"1,36",0.334,50.4336283184353,432
KOTA PROBOLINGGO,575195,76.08,6.65,4.57,2376240.63,244.1,1.97,0.59,4386.5,98.4,2022,1.0,2151.18,Kota Malang,2.98,0.322,706.2375,72
KOTA PROBOLINGGO,575195,76.08,6.65,4.57,2376240.63,244.1,1.97,0.59,4386.5,98.4,2022,2.0,2244.19,Kota Malang,5.3,0.322,1207.849999913725,47
KOTA PROBOLINGGO,575195,76.08,6.65,4.57,2376240.63,244.1,1.97,0.59,4386.5,98.4,2022,3.0,2287.68,Kota Malang,7.08,0.322,348.06494464816217,50
KOTA PROBOLINGGO,575195,76.08,6.65,4.57,2376240.63,244.1,1.97,0.59,4386.5,98.4,2022,4.0,2189.79,Kota Malang,6.45,0.322,190.61162361588447,58
KOTA PROBOLINGGO,628380,76.93,6.48,4.53,2701086.0,247.0,3.08,0.59,4517.0,98.5,2023,1.0,2227.33,Kota Malang,5.74,0.347,135.00116504828154,87
KOTA PROBOLINGGO,628380,76.93,6.48,4.53,2701086.0,247.0,3.08,0.59,4517.0,98.5,2023,2.0,2360.59,Kota Malang,3.85,0.347,48745.77999025084,61
KOTA PROBOLINGGO,628380,76.93,6.48,4.53,2701086.0,247.0,3.08,0.59,4517.0,98.5,2023,3.0,2418.14,Kota Malang,2.27,0.347,310.8648854953922,42
KOTA PROBOLINGGO,628380,76.93,6.48,4.53,2701086.0,247.0,3.08,0.59,4517.0,98.5,2023,4.0,2402.45,Kota Malang,2.56,0.347,56.3200510854964,47
KOTA PROBOLINGGO,654409,77.79,6.18,4.44,2876657.0,249.5,1.09,0.6,4564.0,98.6,2024,1.0,2365.56,Kota Malang,2.9,0.344,182.94729729647324,48
KOTA PROBOLINGGO,654409,77.79,6.18,4.44,2876657.0,249.5,1.09,0.6,4564.0,98.6,2024,2.0,2463.27,Kota Malang,2.02,0.344,464.3923999990712,48
KOTA PROBOLINGGO,654409,77.79,6.18,4.44,2876657.0,249.5,1.09,0.6,4564.0,98.6,2024,3.0,2521.47,Kota Malang,1.62,0.344,429.8620155005437,54
KOTA PROBOLINGGO,654409,77.79,6.18,4.44,2876657.0,249.5,1.09,0.6,4564.0,98.6,2024,4.0,2542.97,Kota Malang,"1,36",0.344,143.1781538457133,57
SURABAYA,652540,83.32,4.72,7.62,4375479.19,2895.85,0.79,7.03,8442.0,98.2,2022,1.0,105891.3,Kota Surabaya,3.16,0.388,994.8414285714288,2390
SURABAYA,652540,83.32,4.72,7.62,4375479.19,2895.85,0.79,7.03,8442.0,98.2,2022,2.0,107655.22,Kota Surabaya,4.89,0.388,772.8632063881114,2509
SURABAYA,652540,83.32,4.72,7.62,4375479.19,2895.85,0.79,7.03,8442.0,98.2,2022,3.0,109914.17,Kota Surabaya,6.91,0.388,786.1465427165356,2664
SURABAYA,652540,83.32,4.72,7.62,4375479.19,2895.85,0.79,7.03,8442.0,98.2,2022,4.0,110807.64,Kota Surabaya,6.59,0.388,1129.5697214852612,2909
SURABAYA,718370,83.99,4.65,6.76,4725479.0,2911.4,1.29,7.01,8667.0,98.1,2023,1.0,111588.09,Kota Surabaya,6.3,0.423,629.7106579216406,3059
SURABAYA,718370,83.99,4.65,6.76,4725479.0,2911.4,1.29,7.01,8667.0,98.1,2023,2.0,113922.84,Kota Surabaya,4.91,0.423,762.7052576781933,3371
SURABAYA,718370,83.99,4.65,6.76,4725479.0,2911.4,1.29,7.01,8667.0,98.1,2023,3.0,116286.17,Kota Surabaya,3.14,0.423,718.7179813748673,1907
SURABAYA,718370,83.99,4.65,6.76,4725479.0,2911.4,1.29,7.01,8667.0,98.1,2023,4.0,117233.61,Kota Surabaya,3.03,0.423,628.5043342035897,1959
SURABAYA,742678,84.69,3.96,4.91,4961753.0,2922.0,0.44,6.99,8698.0,98.0,2024,1.0,118510.36,Kota Surabaya,2.99,0.381,604.1033666296149,1994
SURABAYA,742678,84.69,3.96,4.91,4961753.0,2922.0,0.44,6.99,8698.0,98.0,2024,2.0,120051.21,Kota Surabaya,2.35,0.381,499.15480795236,1994
SURABAYA,742678,84.69,3.96,4.91,4961753.0,2922.0,0.44,6.99,8698.0,98.0,2024,3.0,122577.33,Kota Surabaya,1.65,0.381,723.2747715590574,2149
SURABAYA,742678,84.69,3.96,4.91,4961753.0,2922.0,0.44,6.99,8698.0,98.0,2024,4.0,124309.99,Kota Surabaya,"1,38",0.381,718.4866219760304,4888
